﻿question,answer
How many different devices can you identify in the Wireshark capture? ,
What is the IPv4 Address of the mater device? ,
What is the IPv4 Address of the PLC controlling the temperature set point? ,
What is the IPv4 Address of the PLC controlling the valves? ,
What is the Ipv4 Address of the sensor set 1? ,
What is the IPv4 Address of the sensor set 2? ,
How many registers does the PLC controlling the temperature set point have? ,
What is the default port used to send Modbus messages? ,
Two of the devices in the network correpond to one physical device. What is the Mac address for that physical device? ,